"","stories_id","publish_date","title","url","language","ap_syndicated","themes","media_id","media_name","media_url","media_pub_country","media_pub_state","media_language","media_about_country","media_media_type"
"20860",348700159,"2015-05-29 09:42:28","Tilda Swinton en négociation pour devenir le mentor du Doctor Strange","http://www.lefigaro.fr/cinema/2015/05/29/03002-20150529ARTFIG00208-tilda-swinton-en-negociation-pour-devenir-le-mentor-du-doctor-strange.php","fr","False","",39120,"lefigaro","http://www.lefigaro.fr/","France",NA,"French","Republic of France","Print Native"
"86947",265968943,"2014-08-24 16:01:00","Trois morts dans un accident en Corse","http://feeds.lefigaro.fr/c/32266/f/438191/s/3dce7f09/sc/41/l/0L0Slefigaro0Bfr0Cflash0Eactu0C20A140C0A80C240C970A0A10E20A140A824FILWWW0A0A1360Etrois0Emorts0Edans0Eun0Eaccident0Een0Ecorse0Bphp/story01.htm","fr","False","",39120,"lefigaro","http://www.lefigaro.fr/","France",NA,"French","Republic of France","Print Native"
"298619",696946322,"2017-09-27 00:01:20","Pourquoi la France est le paradis des expatriés retraités","http://www.lefigaro.fr/conjoncture/2017/09/27/20002-20170927ARTFIG00017-pourquoi-la-france-est-le-paradis-des-expatries-retraites.php","fr","False","",39120,"lefigaro","http://www.lefigaro.fr/","France",NA,"French","Republic of France","Print Native"
"381735",1126580079,"2018-12-27 10:53:51","Prélèvement à la source : un coup d'envoi à haut risque","http://www.lefigaro.fr/impots/2018/12/27/05003-20181227ARTFIG00140-prelevement-a-la-source-un-coup-d-envoi-a-haut-risque.php","fr","False","",39120,"lefigaro","http://www.lefigaro.fr/","France",NA,"French","Republic of France","Print Native"
"204204",527938228,"2016-10-14 06:41:41","Intempéries: 11 blessés à Ajaccio ","http://www.lefigaro.fr/flash-actu/2016/10/14/97001-20161014FILWWW00152-intemperies-11-blesses-a-ajaccio.php","fr","False","",39120,"lefigaro","http://www.lefigaro.fr/","France",NA,"French","Republic of France","Print Native"
"352000",933314726,"2018-07-20 17:52:59","Affaire Benalla : ces photos qui infirment la version de l'Élysée","http://www.lefigaro.fr/actualite-france/2018/07/20/01016-20180720ARTFIG00357-affaire-benalla-ces-photos-qui-infirment-la-version-de-l-elysee.php","fr","False","",39120,"lefigaro","http://www.lefigaro.fr/","France",NA,"French","Republic of France","Print Native"
"170549",496701939,"2016-08-03 07:09:44","L'aéroport de Dubaï, premier au monde en termes de passagers, fermé après un accident","http://www.lefigaro.fr/flash-eco/2016/08/03/97002-20160803FILWWW00113-l-aeroport-de-dubai-premier-au-monde-en-termes-de-passagers-ferme-apres-un-accident.php","fr","False","",39120,"lefigaro","http://www.lefigaro.fr/","France",NA,"French","Republic of France","Print Native"
"78569",392049085,"2015-10-29 11:48:11","Grand Prix de l'Académie française : Kaddour et Sansal ex-aequo","http://www.lefigaro.fr/livres/2015/10/29/03005-20151029ARTFIG00250-grand-prix-de-l-academie-francaise-kaddour-et-sansal-ex-aequo.php","fr","False","",39120,"lefigaro","http://www.lefigaro.fr/","France",NA,"French","Republic of France","Print Native"
"208026",530415846,"2016-10-19 08:29:37","L'offensive sur Mossoul ne doit pas ""chasser les terroristes"" d'Irak vers la Syrie (armée russe)","http://www.lefigaro.fr/flash-actu/2016/10/19/97001-20161019FILWWW00195-l-offensive-sur-mossoul-ne-doit-pas-chasser-les-terroristes-d-irak-vers-la-syrie-armee-russe.php","fr","False","",39120,"lefigaro","http://www.lefigaro.fr/","France",NA,"French","Republic of France","Print Native"
"306049",720381725,"2017-11-06 01:41:47","Pierre Joxe, accusé d'agression sexuelle, dénonce «un tissu de contre-vérités»","http://www.lefigaro.fr/actualite-france/2017/11/06/01016-20171106ARTFIG00030-pierre-joxe-accuse-d-agression-sexuelle-denonce-un-tissu-de-contre-verites.php","fr","False","",39120,"lefigaro","http://www.lefigaro.fr/","France",NA,"French","Republic of France","Print Native"
"183602",215195248,"2014-03-21 13:52:00","Les Français inégaux devant la taxe d'habitation","http://www.lefigaro.fr/impots/2014/03/21/05003-20140321ARTFIG00058-les-francais-inegaux-devant-la-taxe-d-habitation.php","fr","False","",39120,"lefigaro","http://www.lefigaro.fr/","France",NA,"French","Republic of France","Print Native"
"202368",225587427,"2014-04-24 15:45:00","L'Arménie commémore le génocide en brûlant des drapeaux turcs","http://www.lefigaro.fr/photos/2014/04/24/01013-20140424ARTFIG00308-l-armenie-commemore-les-99-ans-du-genocide-en-brulant-des-drapeaux-turcs.php","fr","False","",39120,"lefigaro","http://www.lefigaro.fr/","France",NA,"French","Republic of France","Print Native"
"389355",1185352022,"2019-02-06 08:34:12","Un paquebot pour Oran, de Guillaume de Dieuleveult: le goût de la Méditerranée","http://www.lefigaro.fr/livres/2019/02/06/03005-20190206ARTFIG00154--un-paquebot-pour-oran-de-guillaume-de-dieuleveult-le-gout-de-la-mediterranee.php","fr","False","",39120,"lefigaro","http://www.lefigaro.fr/","France",NA,"French","Republic of France","Print Native"
"17946",326106940,"2015-03-12 11:46:32","Emma Lavigne : « Non, nous ne sommes pas élitistes ! »","http://www.lefigaro.fr/arts-expositions/2015/03/12/03015-20150312ARTFIG00280-emma-lavignecentre-pompidou-metz-non-nous-ne-sommes-pas-elitistes.php","fr","False","",39120,"lefigaro","http://www.lefigaro.fr/","France",NA,"French","Republic of France","Print Native"
"190988",129612313,"2013-06-20 07:21:00","Rebond significatif des intentions d'embauche en mai","http://www.lefigaro.fr/emploi/2013/06/20/09005-20130620ARTFIG00414-rebond-significatif-des-declarations-d-embauche-en-mai.php","fr","False","",39120,"lefigaro","http://www.lefigaro.fr/","France",NA,"French","Republic of France","Print Native"
"211573",144737962,"2013-08-05 14:33:00","Orages: 8 départements en alerte orange","http://feeds.lefigaro.fr/c/32266/f/438191/s/2f953356/sc/29/l/0L0Slefigaro0Bfr0Cflash0Eactu0C20A130C0A80C0A50C970A0A10E20A130A80A5FILWWW0A0A30A70Eorages0E80Edepartements0Een0Ealerte0Eorange0Bphp/story01.htm","fr","False","",39120,"lefigaro","http://www.lefigaro.fr/","France",NA,"French","Republic of France","Print Native"
"226570",545736259,"2016-11-24 11:38:50","Grève à Météo-France ","http://www.lefigaro.fr/flash-eco/2016/11/24/97002-20161124FILWWW00247-greve-a-meteo-france-pour-protester-contre-le-contrat-d-objectifs-de-l-etat.php","fr","False","",39120,"lefigaro","http://www.lefigaro.fr/","France",NA,"French","Republic of France","Print Native"
"395264",1216020809,"2017-10-26 16:15:06","Contrôler l'immigration ? Chiche, Monsieur le Président !","http://www.lefigaro.fr/vox/politique/2017/10/26/31001-20171026ARTFIG00279-controler-l-immigration-chiche-monsieur-le-president.php","fr","False","",39120,"lefigaro","http://www.lefigaro.fr/","France",NA,"French","Republic of France","Print Native"
"375680",1092596642,"2018-11-24 12:47:51","«Gilets jaunes» : la journée du 24 novembre à retrouver en intégralité en replay","http://www.lefigaro.fr/actualite-france/2018/11/24/01016-20181124ARTFIG00098-gilets-jaunes-la-journee-du-24-novembre-a-retrouver-en-integralite-en-replay.php","fr","False","",39120,"lefigaro","http://www.lefigaro.fr/","France",NA,"French","Republic of France","Print Native"
"304312",714438931,"2017-10-26 00:01:40","C’est en plein cœur de Paris qu’on déménage et emménage le plus","http://immobilier.lefigaro.fr/article/c-est-en-plein-coeur-de-paris-qu-on-demenage-et-emmenage-le-plus_8df888be-b250-11e7-9cde-2ebd52d813ae/","fr","False","",39120,"lefigaro","http://www.lefigaro.fr/","France",NA,"French","Republic of France","Print Native"
"187190",217085249,"2014-03-28 06:01:00","Maltraitance: améliorer le suivi des enfants","http://feeds.lefigaro.fr/c/32266/f/438191/s/38b51eb7/sc/37/l/0L0Slefigaro0Bfr0Cflash0Eactu0C20A140C0A30C280C970A0A10E20A140A328FILWWW0A0A0A320Emaltraitance0Eameliorer0Ele0Esuivi0Edes0Eenfants0Bphp/story01.htm","fr","False","",39120,"lefigaro","http://www.lefigaro.fr/","France",NA,"French","Republic of France","Print Native"
"157631",158611033,"2013-09-25 16:11:00","Viol au parloir : 20 requis","http://feeds.lefigaro.fr/c/32266/f/438191/s/31b07a14/sc/37/l/0L0Slefigaro0Bfr0Cflash0Eactu0C20A130C0A90C250C970A0A10E20A130A925FILWWW0A0A4990Eviol0Eau0Eparloir0E20A0Erequis0Bphp/story01.htm","fr","False","",39120,"lefigaro","http://www.lefigaro.fr/","France",NA,"French","Republic of France","Print Native"
"367610",1023740457,"2018-10-15 06:53:24","Brexit: l'UE «intensifie» ses préparatifs en cas d'absence d'accord","http://www.lefigaro.fr/flash-actu/2018/10/15/97001-20181015FILWWW00117-brexit-l-ue-intensifie-ses-preparatifs-en-cas-d-absence-d-accord.php","fr","False","",39120,"lefigaro","http://www.lefigaro.fr/","France",NA,"French","Republic of France","Print Native"
"274348",618566757,"2017-05-03 14:43:49","Ligue des champions : suivez en direct AS Monaco-Juventus Turin","http://www.lefigaro.fr/flash-actu/2017/05/03/97001-20170503FILWWW00375-ligue-des-champions-suivez-en-direct-as-monaco-juventus-turin.php","fr","False","",39120,"lefigaro","http://www.lefigaro.fr/","France",NA,"French","Republic of France","Print Native"
"308477",728215912,"2017-11-19 13:22:54","François Fillon ""se retire sans chercher d'excuses""","http://www.lefigaro.fr/flash-actu/2017/11/19/97001-20171119FILWWW00152-francois-fillon-se-retire-sans-chercher-d-excuses.php","fr","False","",39120,"lefigaro","http://www.lefigaro.fr/","France",NA,"French","Republic of France","Print Native"
"365232",1009798408,"2018-10-02 13:37:55","Deuxième candidat de centre-droit pour la Commission européenne","http://www.lefigaro.fr/flash-actu/2018/10/02/97001-20181002FILWWW00309-deuxieme-candidat-de-centre-droit-pour-la-commission-europeenne.php","fr","False","",39120,"lefigaro","http://www.lefigaro.fr/","France",NA,"French","Republic of France","Print Native"
"37172",361837811,"2015-07-16 06:03:01","Twitter se trouve un nouveau directeur en France","http://www.lefigaro.fr/secteur/high-tech/2015/07/16/32001-20150716ARTFIG00114-twitter-se-trouve-un-nouveau-directeur-en-france.php","fr","False","",39120,"lefigaro","http://www.lefigaro.fr/","France",NA,"French","Republic of France","Print Native"
"286060",655690998,"2017-07-11 15:23:35","Les États-Unis resteraient en Irak après l'EI","http://www.lefigaro.fr/flash-actu/2017/07/11/97001-20170711FILWWW00338-les-etats-unis-resteraient-en-irak-apres-l-ei.php","fr","False","",39120,"lefigaro","http://www.lefigaro.fr/","France",NA,"French","Republic of France","Print Native"
"400543",1232857958,"2019-03-25 14:55:59","Inde: Jet Airways sauvé de la faillite par les banques","http://www.lefigaro.fr/societes/2019/03/25/20005-20190325ARTFIG00115-inde-jet-airways-sauve-de-la-faillite-par-les-banques.php","fr","False","",39120,"lefigaro","http://www.lefigaro.fr/","France",NA,"French","Republic of France","Print Native"
"173387",498629650,"2016-08-08 12:27:37","Le siège japonais d'Amazon perquisitionné","http://www.lefigaro.fr/secteur/high-tech/2016/08/08/32001-20160808ARTFIG00242-le-siege-japonais-d-amazon-perquisitionne.php","fr","False","",39120,"lefigaro","http://www.lefigaro.fr/","France",NA,"French","Republic of France","Print Native"
"303208",709034980,"2017-10-19 14:37:09","En fermant son usine française, Tupperware va supprimer 235 emplois","http://www.lefigaro.fr/societes/2017/10/19/20005-20171019ARTFIG00344-en-fermant-son-usine-francaise-tupperware-va-supprimer-235-emplois.php","fr","False","",39120,"lefigaro","http://www.lefigaro.fr/","France",NA,"French","Republic of France","Print Native"
"191154",125354848,"2013-06-07 19:59:00","Hollande et Ayrault se placent dans le sillage de Mauroy","http://www.lefigaro.fr/politique/2013/06/07/01002-20130607ARTFIG00597-hollande-et-ayrault-revendiquent-leur-part-d-heritage.php","fr","False","",39120,"lefigaro","http://www.lefigaro.fr/","France",NA,"French","Republic of France","Print Native"
"102828",401490683,"2015-11-29 12:11:43","Le Stade Français s'impose de justesse","http://feeds.lefigaro.fr/c/32266/f/438191/s/4bdeb4e2/sc/13/l/0Lsport240Blefigaro0Bfr0Crugby0Ctop0E140Cfil0Einfo0Cle0Estade0Efrancais0Es0Eimpose0Ede0Ejustesse0E781334/story01.htm","fr","False","",39120,"lefigaro","http://www.lefigaro.fr/","France",NA,"French","Republic of France","Print Native"
"327897",817927099,"2018-03-08 13:30:54","Où voir les 10 plus belles cascades du monde","http://www.lefigaro.fr/voyages/2018/03/08/30003-20180308ARTFIG00321-o-voir-les-10-plus-belles-cascades-du-monde.php","fr","False","",39120,"lefigaro","http://www.lefigaro.fr/","France",NA,"French","Republic of France","Print Native"
"49757",371069390,"2015-08-19 13:25:13","Commerces : 22% d'anomalies constatées cet été","http://feeds.lefigaro.fr/c/32266/f/438191/s/491ec7b5/sc/23/l/0L0Slefigaro0Bfr0Cflash0Eeco0C20A150C0A80C190C970A0A20E20A150A819FILWWW0A0A2690Ecommerces0E220Ed0Eanomalies0Econstatees0Ecet0Eete0Bphp/story01.htm","fr","False","",39120,"lefigaro","http://www.lefigaro.fr/","France",NA,"French","Republic of France","Print Native"
"382781",1138953420,"2019-01-08 06:28:59","«Gilets jaunes» : le journal l'Indépendant porte plainte après l'agression de ses journalistes","http://www.lefigaro.fr/medias/2019/01/08/20004-20190108ARTFIG00128-gilets-jaunes-le-journal-l-independant-porte-plainte-apres-l-agression-de-ses-journalistes.php","fr","False","",39120,"lefigaro","http://www.lefigaro.fr/","France",NA,"French","Republic of France","Print Native"
"346080",904287941,"2018-06-15 15:59:10","Daniel Cordier, mémoire vivante de la Résistance","http://www.lefigaro.fr/histoire/2018/06/15/26001-20180615ARTFIG00099-daniel-cordier-memoire-vivante-de-la-resistance.php","fr","False","",39120,"lefigaro","http://www.lefigaro.fr/","France",NA,"French","Republic of France","Print Native"
"339016",870209142,"2018-05-09 08:31:48","Turquie: peines record requise pour les meneurs du putsch manqué","http://www.lefigaro.fr/flash-actu/2018/05/09/97001-20180509FILWWW00168-turquie-peines-record-requise-pour-les-meneurs-du-putsch-manque.php","fr","False","",39120,"lefigaro","http://www.lefigaro.fr/","France",NA,"French","Republic of France","Print Native"
"114424",405002414,"2015-12-10 12:49:49","Emploi en berne, échanges commerciaux, ""taxe tampon"" : l'actu éco du jour","http://www.lefigaro.fr/flash-eco/2015/12/10/97002-20151210FILWWW00273-emploi-en-berne-echanges-commerciaux-taxe-tampon-l-actu-eco.php","fr","False","",39120,"lefigaro","http://www.lefigaro.fr/","France",NA,"French","Republic of France","Print Native"
"224030",543223450,"2016-11-18 09:09:46","Pete Doherty au Bataclan : la délivrance par le rock","http://www.lefigaro.fr/musique/2016/11/18/03006-20161118ARTFIG00210-pete-doherty-au-bataclan-la-delivrance-par-le-rock.php","fr","False","",39120,"lefigaro","http://www.lefigaro.fr/","France",NA,"French","Republic of France","Print Native"
"206469",111548126,"2013-04-24 04:02:00","De mauvaises perspectives d'embauche pour les cadres","http://www.lefigaro.fr/emploi/2013/04/24/09005-20130424ARTFIG00301-de-mauvaises-perspectives-d-embauche-pour-les-cadres.php","fr","False","",39120,"lefigaro","http://www.lefigaro.fr/","France",NA,"French","Republic of France","Print Native"
"293212",681083346,"2017-08-28 05:06:54","RER A: la circulation reprend sur toute la ligne","http://www.lefigaro.fr/flash-actu/2017/08/28/97001-20170828FILWWW00071-rer-a-la-circulation-reprend-sur-toute-la-ligne.php","fr","False","",39120,"lefigaro","http://www.lefigaro.fr/","France",NA,"French","Republic of France","Print Native"
"39533",363313671,"2015-07-22 05:25:01","Éleveurs en colère : la carte de France des barrages","http://www.lefigaro.fr/actualite-france/2015/07/22/01016-20150722ARTFIG00111-eleveurs-en-colere-la-carte-de-france-des-barrages.php","fr","False","",39120,"lefigaro","http://www.lefigaro.fr/","France",NA,"French","Republic of France","Print Native"
"293893",682961205,"2017-08-31 12:43:58","Nanoparticules: le gouvernement annonce un renfort des contrôles","http://www.lefigaro.fr/flash-eco/2017/08/31/97002-20170831FILWWW00286-nanoparticules-le-gouvernement-met-la-pression-sur-l-anses-et-les-industriels.php","fr","False","",39120,"lefigaro","http://www.lefigaro.fr/","France",NA,"French","Republic of France","Print Native"
"88138",262795256,"2014-08-14 14:25:00","OPA du Club Med : Bonomi seul en piste","http://www.lefigaro.fr/societes/2014/08/14/20005-20140814ARTFIG00244-opa-du-club-med-bonomi-seul-en-piste.php","fr","False","",39120,"lefigaro","http://www.lefigaro.fr/","France",NA,"French","Republic of France","Print Native"
"101296",401042951,"2015-11-27 13:18:47","Guerre d'Algérie: le maire FN de Beaucaire débaptise une rue","http://feeds.lefigaro.fr/c/32266/f/438191/s/4bd72912/sc/3/l/0L0Slefigaro0Bfr0Cflash0Eactu0C20A150C110C270C970A0A10E20A151127FILWWW0A0A2990Eguerre0Ed0Ealgerie0Ele0Emaire0Efn0Ede0Ebeaucaire0Edebaptise0Eune0Erue0Bphp/story01.htm","fr","False","",39120,"lefigaro","http://www.lefigaro.fr/","France",NA,"French","Republic of France","Print Native"
"296887",691994486,"2017-09-18 10:01:09","Bern: «Macron m'a choisi en tant qu'amoureux du patrimoine et non en tant qu'ami»","http://www.lefigaro.fr/culture/2017/09/18/03004-20170918ARTFIG00166-bern-macron-m-a-choisi-en-tant-qu-amoureux-du-patrimoine-et-non-en-tant-qu-ami.php","fr","False","",39120,"lefigaro","http://www.lefigaro.fr/","France",NA,"French","Republic of France","Print Native"
"191381",117662416,"2013-05-16 18:20:00"," Le Congrès : pacte en 3D avec le diable","http://www.lefigaro.fr/festival-de-cannes/2013/05/16/03011-20130516ARTFIG00732--le-congres-pacte-en-3d-avec-le-diable.php","fr","False","",39120,"lefigaro","http://www.lefigaro.fr/","France",NA,"French","Republic of France","Print Native"
"393873",1208986604,"2019-02-27 09:47:18","Internet : les premiers satellites OneWeb sur le pas de tir","http://www.lefigaro.fr/flash-actu/2019/02/27/97001-20190227FILWWW00169-internet-les-premiers-satellites-oneweb-sur-le-pas-de-tir.php","fr","False","",39120,"lefigaro","http://www.lefigaro.fr/","France",NA,"French","Republic of France","Print Native"
"362808",998316110,"2018-09-20 04:26:23","Départ de Patrick Buisson, DG de la chaîne Histoire","http://www.lefigaro.fr/flash-eco/2018/09/20/97002-20180920FILWWW00089-depart-de-patrick-buisson-dg-de-la-chaine-histoire.php","fr","False","",39120,"lefigaro","http://www.lefigaro.fr/","France",NA,"French","Republic of France","Print Native"
"316722",766244968,"2018-01-09 13:18:43","Licencié, un ex-ingénieur attaque Google pour discrimination contre les hommes blancs","http://www.lefigaro.fr/secteur/high-tech/2018/01/09/32001-20180109ARTFIG00294-licencie-un-ex-ingenieur-attaque-google-pour-discrimination-contre-les-hommes-blancs.php","fr","False","",39120,"lefigaro","http://www.lefigaro.fr/","France",NA,"French","Republic of France","Print Native"
"73684",279254967,"2014-10-03 10:34:00","Londres s'insurge contre les juges européens","http://feeds.lefigaro.fr/c/32266/f/438191/s/3f1580e8/sc/34/l/0L0Slefigaro0Bfr0Cflash0Eactu0C20A140C10A0C0A30C970A0A10E20A1410A0A3FILWWW0A0A1280Elondres0Es0Einsurge0Econtre0Eles0Ejuges0Eeuropeens0Bphp/story01.htm","fr","False","",39120,"lefigaro","http://www.lefigaro.fr/","France",NA,"French","Republic of France","Print Native"
"234937",553299294,"2016-12-11 12:51:02","Guingamp perd à Saint-Etienne et manque la 4ème place","http://sport24.lefigaro.fr/football/ligue-1/fil-info/guingamp-manque-la-4eme-place-837181","fr","False","",39120,"lefigaro","http://www.lefigaro.fr/","France",NA,"French","Republic of France","Print Native"
"26520",355196034,"2015-06-22 06:44:56","Angoulême: chute mortelle d'un adolescent","http://feeds.lefigaro.fr/c/32266/f/438191/s/47749990/sc/3/l/0L0Slefigaro0Bfr0Cflash0Eactu0C20A150C0A60C220C970A0A10E20A150A622FILWWW0A0A1290Eangouleme0Echute0Emortelle0Ed0Eun0Eadolescent0Bphp/story01.htm","fr","False","",39120,"lefigaro","http://www.lefigaro.fr/","France",NA,"French","Republic of France","Print Native"
"197857",521204210,"2016-10-03 12:43:19","Emploi : le bilan en demi-teinte de Xavier Bertrand dans sa région","http://www.lefigaro.fr/conjoncture/2016/10/03/20002-20161003ARTFIG00254-emploi-le-bilan-en-demi-teinte-de-xavier-bertrand-dans-sa-region.php","fr","False","",39120,"lefigaro","http://www.lefigaro.fr/","France",NA,"French","Republic of France","Print Native"
"384110",1157077776,"2019-01-14 13:29:01","Les cours d'appel les plus efficaces de France","http://www.lefigaro.fr/actualite-france/2019/01/14/01016-20190114ARTFIG00313-les-cours-d-appel-les-plus-efficaces-de-france.php","fr","False","",39120,"lefigaro","http://www.lefigaro.fr/","France",NA,"French","Republic of France","Print Native"
"127321",423554060,"2016-02-10 00:00:02","Carte bancaire : ces commerces et services qui risquent de vous la refuser","http://rss.lefigaro.fr/~r/lefigaro/laune/~3/lwelJP5ntyc/story01.htm","fr","False","",39120,"lefigaro","http://www.lefigaro.fr/","France",NA,"French","Republic of France","Print Native"
"139564",444368622,"2016-04-11 14:11:09","Marseille: 12 personnes écrouées","http://feeds.lefigaro.fr/c/32266/f/438191/s/4edecbc1/sc/3/l/0L0Slefigaro0Bfr0Cflash0Eactu0C20A160C0A40C110C970A0A10E20A160A411FILWWW0A0A3150Emarseille0E120Epersonnes0Eecrouees0Bphp/story01.htm","fr","False","",39120,"lefigaro","http://www.lefigaro.fr/","France",NA,"French","Republic of France","Print Native"
"381136",1124458797,"2018-12-22 12:02:09","Le shutdown risque de durer selon Trump","http://www.lefigaro.fr/flash-eco/2018/12/22/97002-20181222FILWWW00107-shutdown-la-situation-risque-de-durer-selon-trump.php","fr","False","",39120,"lefigaro","http://www.lefigaro.fr/","France",NA,"French","Republic of France","Print Native"
"14491",328404445,"2015-03-20 10:52:03","Yémen: l'Etat islamique revendique les attentats, le bilan s'alourdit","http://feeds.lefigaro.fr/c/32266/f/438191/s/449e7735/sc/3/l/0L0Slefigaro0Bfr0Cflash0Eactu0C20A150C0A30C20A0C970A0A10E20A150A320AFILWWW0A0A2440Eyemen0El0Eetat0Eislamique0Erevendique0Eles0Eattentats0Bphp/story01.htm","fr","False","",39120,"lefigaro","http://www.lefigaro.fr/","France",NA,"French","Republic of France","Print Native"
"217803",536946193,"2016-11-04 03:54:39","Attaque d'un commando de l'EI à l'est de Mossoul","http://www.lefigaro.fr/flash-actu/2016/11/04/97001-20161104FILWWW00065-attaque-d-un-commando-de-l-ei-a-l-est-de-mossoul.php","fr","False","",39120,"lefigaro","http://www.lefigaro.fr/","France",NA,"French","Republic of France","Print Native"
"271245",608779506,"2017-04-13 12:28:29","Syrie : l'«axe de la résistance» renforcé","http://www.lefigaro.fr/international/2017/04/13/01003-20170413ARTFIG00256-syrie-l-axe-de-la-resistance-renforce.php","fr","False","",39120,"lefigaro","http://www.lefigaro.fr/","France",NA,"French","Republic of France","Print Native"
"190658",195443878,"2014-01-20 08:05:00","Le recul en trompe l'&#339;il des frais bancaires","http://www.lefigaro.fr/conso/2014/01/20/05007-20140120ARTFIG00325-le-recul-en-trompe-l-oeil-des-frais-bancaires.php","fr","False","",39120,"lefigaro","http://www.lefigaro.fr/","France",NA,"French","Republic of France","Print Native"
"226527",545645855,"2016-11-24 07:12:40","Mort de William Trevor, maître du désenchantement","http://www.lefigaro.fr/livres/2016/11/24/03005-20161124ARTFIG00150-mort-de-william-trevor-maitre-du-desenchantement.php","fr","False","",39120,"lefigaro","http://www.lefigaro.fr/","France",NA,"French","Republic of France","Print Native"
"179438",110373816,"2013-04-18 16:19:00","IBM veut supprimer jusqu'à 15% des effectifs en France (syndicats)","http://feeds.lefigaro.fr/c/32266/f/438191/s/2ae0f19d/l/0L0Slefigaro0Bfr0Cflash0Eeco0C20A130C0A40C180C970A0A20E20A130A418FILWWW0A0A6340Eibm0Eveut0Esupprimer0Ejusqu0Ea0E150Edes0Eeffectifs0Een0Efrance0Esyndicats0Bphp/story01.htm","fr","False","",39120,"lefigaro","http://www.lefigaro.fr/","France",NA,"French","Republic of France","Print Native"
"400974",1236297443,"2019-03-29 03:56:35","Marlène Schiappa: «Mettre en avant des modèles féminins dans le numérique»","http://www.lefigaro.fr/conjoncture/marlene-schiappa-mettre-en-avant-des-modeles-feminins-dans-le-numerique-20190328","fr","False","",39120,"lefigaro","http://www.lefigaro.fr/","France",NA,"French","Republic of France","Print Native"
"383112",1140383938,"2019-01-08 10:38:57","Gilets Jaunes : le CSA réunira jeudi les chaînes d'information","http://www.lefigaro.fr/medias/2019/01/08/20004-20190108ARTFIG00104-gilets-jaunes-le-csa-va-convoquer-les-chaines-d-information.php?redirect_premium","fr","False","",39120,"lefigaro","http://www.lefigaro.fr/","France",NA,"French","Republic of France","Print Native"
"37665",308229592,"2015-01-09 17:13:25","La BCE envisagerait de racheter 500 milliards d'euros de dettes","http://www.lefigaro.fr/conjoncture/2015/01/09/20002-20150109ARTFIG00274-la-bce-envisagerait-de-racheter-500milliards-d-euros-de-dettes.php","fr","False","",39120,"lefigaro","http://www.lefigaro.fr/","France",NA,"French","Republic of France","Print Native"
"260819",583399801,"2017-02-19 14:08:44","L'inconnue Trump pèse sur l'implication du FMI","http://www.lefigaro.fr/conjoncture/2017/02/19/20002-20170219ARTFIG00164-l-inconnue-trump-pese-sur-l-implication-du-fmi.php","fr","False","",39120,"lefigaro","http://www.lefigaro.fr/","France",NA,"French","Republic of France","Print Native"
"8942",336564088,"2015-04-17 08:55:19","Sapin: «la France déteste qu'on la force»","http://feeds.lefigaro.fr/c/32266/f/438191/s/457caa8d/sc/34/l/0L0Slefigaro0Bfr0Cflash0Eeco0C20A150C0A40C170C970A0A20E20A150A417FILWWW0A0A20A50Esapin0Ea0Eschuble0Ela0Efrance0Edeteste0Equ0Eon0Ela0Eforce0Bphp/story01.htm","fr","False","",39120,"lefigaro","http://www.lefigaro.fr/","France",NA,"French","Republic of France","Print Native"
"171119",117492606,"2013-05-16 10:17:00","Sécu : rembourser les assurés  en fonction de leurs revenus","http://www.lefigaro.fr/conjoncture/2013/05/16/20002-20130516ARTFIG00486-secu-rembourser-les-assures-en-fonction-de-leurs-revenus.php","fr","False","",39120,"lefigaro","http://www.lefigaro.fr/","France",NA,"French","Republic of France","Print Native"
"251030",567565537,"2017-01-15 11:33:13","Mélenchon exclut toute idée de rapprochement avec les socialistes","http://www.lefigaro.fr/politique/2017/01/15/01002-20170115ARTFIG00138-melenchon-exclut-toute-idee-de-rapprochement-avec-les-socialistes.php","fr","False","",39120,"lefigaro","http://www.lefigaro.fr/","France",NA,"French","Republic of France","Print Native"
"370236",1041942741,"2018-10-28 18:17:19","Jair Bolsonaro élu président du Brésil","http://www.lefigaro.fr/flash-actu/2018/10/28/97001-20181028FILWWW00200-bresil-bolsonaro-en-passe-d-etre-elu-avec-56.php","fr","False","",39120,"lefigaro","http://www.lefigaro.fr/","France",NA,"French","Republic of France","Print Native"
"282394",645747258,"2017-06-21 00:01:04","À Paris, ce centre d'aide alimentaire distribue les invendus des commerces","http://www.lefigaro.fr/conso/2017/06/21/20010-20170621ARTFIG00018--paris-ce-centre-d-aide-alimentaire-distribue-les-invendus-des-commerces.php","fr","False","",39120,"lefigaro","http://www.lefigaro.fr/","France",NA,"French","Republic of France","Print Native"
"14907",342389158,"2015-05-07 02:14:27","La Chose reprend le chemin de la croissance","http://www.lefigaro.fr/medias/2015/05/07/20004-20150507ARTFIG00045-la-chose-reprend-le-chemin-de-la-croissance.php","fr","False","",39120,"lefigaro","http://www.lefigaro.fr/","France",NA,"French","Republic of France","Print Native"
"330012",827968238,"2018-03-20 13:01:38","Programme TV du mardi 20 mars 2018 : ce qu’il faut regarder à la télé","http://tvmag.lefigaro.fr/programme-tv/programme-tv-du-mardi-20-mars-2018-ce-qu-il-faut-regarder-a-la-tele_301476b6-2c46-11e8-8394-fbe9686e2665/","fr","False","",39120,"lefigaro","http://www.lefigaro.fr/","France",NA,"French","Republic of France","Print Native"
"260795",583332391,"2017-02-19 11:50:52","Marie Rose Moro : «La phobie scolaire progresse en Europe»","http://www.lefigaro.fr/actualite-france/2017/02/19/01016-20170219ARTFIG00121-marie-rose-moro-la-phobie-scolaire-progresse-en-europe.php","fr","False","",39120,"lefigaro","http://www.lefigaro.fr/","France",NA,"French","Republic of France","Print Native"
"22884",351673867,"2015-06-09 09:18:01","Procès Tintin : que contient le mystérieux contrat de 1942 ?","http://www.lefigaro.fr/bd/2015/06/09/03014-20150609ARTFIG00201-proces-tintin-que-contient-le-mysterieux-contrat-de-1942.php","fr","False","",39120,"lefigaro","http://www.lefigaro.fr/","France",NA,"French","Republic of France","Print Native"
"326688",811979796,"2018-03-01 08:00:00","Du vin effervescent en pinte pour l'après-Brexit","http://avis-vin.lefigaro.fr/economie-du-vin/o135543-du-vin-effervescent-en-pinte-pour-l-apres-brexit","fr","False","",39120,"lefigaro","http://www.lefigaro.fr/","France",NA,"French","Republic of France","Print Native"
"346271",904972806,"2018-06-18 12:57:35","Mondial 2018 : la Belgique déroule face au Panama","http://sport24.lefigaro.fr/football/coupe-du-monde/russie-2018/Fil-info/mondial-2018-la-belgique-deroule-face-au-panama-914032","fr","False","",39120,"lefigaro","http://www.lefigaro.fr/","France",NA,"French","Republic of France","Print Native"
"2002",320667654,"2015-02-21 10:37:27","Oscars 2015 : des manifestations contre le manque de diversité menacent la cérémonie","http://www.lefigaro.fr/cinema/ceremonie-oscars/2015/02/21/03021-20150221ARTFIG00150-oscars-2015-des-manifestations-contre-le-manque-de-diversite-menacent-la-ceremonie.php","fr","False","",39120,"lefigaro","http://www.lefigaro.fr/","France",NA,"French","Republic of France","Print Native"
"286775",658323298,"2017-07-16 13:47:51","Tour de France: le classement général","http://sport24.lefigaro.fr/cyclisme/tour-de-france/fil-info/tour-de-france-le-classement-general-868608","fr","False","",39120,"lefigaro","http://www.lefigaro.fr/","France",NA,"French","Republic of France","Print Native"
"329268",824300858,"2018-03-15 15:22:26","Toys“R”Us rayé de la carte aux États-Unis","http://www.lefigaro.fr/societes/2018/03/15/20005-20180315ARTFIG00388-toys8220r8221us-raye-de-la-carte-aux-etats-unis.php","fr","False","",39120,"lefigaro","http://www.lefigaro.fr/","France",NA,"French","Republic of France","Print Native"
"376915",1098146583,"2016-08-24 16:15:00","Syrie : l'intervention turque contre Daech est un prétexte pour lutter contre les Kurdes","http://www.lefigaro.fr/vox/monde/2016/08/24/31002-20160824ARTFIG00241-syrie-l-intervention-turque-contre-daech-est-un-pretexte-pour-lutter-contre-les-kurdes.php","fr","False","",39120,"lefigaro","http://www.lefigaro.fr/","France",NA,"French","Republic of France","Print Native"
"137958",441669801,"2016-04-04 01:46:51","Jacques Cheminade candidat à la présidentielle","http://feeds.lefigaro.fr/c/32266/f/438191/s/4eb32bbb/sc/3/l/0L0Slefigaro0Bfr0Cflash0Eactu0C20A160C0A40C0A40C970A0A10E20A160A40A4FILWWW0A0A0A20A0Ejacques0Echeminade0Ecandidat0Ea0Ela0Epresidentielle0Bphp/story01.htm","fr","False","",39120,"lefigaro","http://www.lefigaro.fr/","France",NA,"French","Republic of France","Print Native"
"302049",705933360,"2017-10-13 12:05:51","Législatives en Autriche : virage à droite en perspective","http://www.lefigaro.fr/international/2017/10/13/01003-20171013ARTFIG00266-virage-a-droite-en-perspective-en-autriche.php","fr","False","",39120,"lefigaro","http://www.lefigaro.fr/","France",NA,"French","Republic of France","Print Native"
"250005",566652683,"2017-01-13 02:44:57","SpiceJet achète 205 Boeing pour 20,6 milliards d'euros","http://www.lefigaro.fr/societes/2017/01/13/20005-20170113ARTFIG00059-spicejet-achete-205-boeing-pour-206-milliards-d-euros.php","fr","False","",39120,"lefigaro","http://www.lefigaro.fr/","France",NA,"French","Republic of France","Print Native"
"311303",737675812,"2017-12-05 18:08:15","Bayern-PSG: Nos Tops et Flops de la rencontre","http://sport24.lefigaro.fr/football/ligue-des-champions/fil-info/bayern-psg-nos-tops-et-flops-de-la-rencontre-887747","fr","False","",39120,"lefigaro","http://www.lefigaro.fr/","France",NA,"French","Republic of France","Print Native"
"387005",1176487576,"2019-01-27 12:41:56","Toulon arrache la victoire face au Stade Français dans les dernières secondes","http://sport24.lefigaro.fr/rugby/top-14/fil-info/toulon-arrache-la-victoire-face-au-stade-francais-dans-les-dernieres-secondes-942561","fr","False","",39120,"lefigaro","http://www.lefigaro.fr/","France",NA,"French","Republic of France","Print Native"
"193003",138400695,"2013-07-16 13:11:00","Vidalies ralentit ses activités (santé)","http://feeds.lefigaro.fr/c/32266/f/438191/s/2ebb86a1/l/0L0Slefigaro0Bfr0Cflash0Eactu0C20A130C0A70C160C970A0A10E20A130A716FILWWW0A0A340A0Evidalies0Eralentit0Eses0Eactivites0Esante0Bphp/story01.htm","fr","False","",39120,"lefigaro","http://www.lefigaro.fr/","France",NA,"French","Republic of France","Print Native"
"25586",318044556,"2015-02-12 05:49:40","Pékin veut jouer les médiateurs en Afghanistan","http://feeds.lefigaro.fr/c/32266/f/438191/s/4351301f/sc/37/l/0L0Slefigaro0Bfr0Cflash0Eactu0C20A150C0A20C120C970A0A10E20A150A212FILWWW0A0A1420Epekin0Eveut0Ejouer0Eles0Emediateurs0Een0Eafghanistan0Bphp/story01.htm","fr","False","",39120,"lefigaro","http://www.lefigaro.fr/","France",NA,"French","Republic of France","Print Native"
"76262",389719978,"2015-10-22 01:07:28","Le Pen, invitée sur France 2, crée la polémique","http://feeds.lefigaro.fr/c/32266/f/438191/s/4adfc5de/sc/13/l/0L0Slefigaro0Bfr0Cflash0Eactu0C20A150C10A0C220C970A0A10E20A1510A22FILWWW0A0A0A350Ele0Epen0Einvitee0Esur0Efrance0E20Ecree0Ela0Epolemique0Bphp/story01.htm","fr","False","",39120,"lefigaro","http://www.lefigaro.fr/","France",NA,"French","Republic of France","Print Native"
"330277",829154772,"2018-03-21 16:43:53","Trump défend son message de félicitations à Poutine","http://www.lefigaro.fr/flash-actu/2018/03/21/97001-20180321FILWWW00367-trump-defend-son-message-de-felicitations-a-poutine.php","fr","False","",39120,"lefigaro","http://www.lefigaro.fr/","France",NA,"French","Republic of France","Print Native"
"211814",197730004,"2014-01-27 17:47:00","Un homme soupçonné du viol de la mère de Fiona interpellé à Lyon","http://www.lefigaro.fr/actualite-france/2014/01/27/01016-20140127ARTFIG00557-un-homme-soupconne-du-viol-de-la-mere-de-fiona-interpelle-a-lyon.php","fr","False","",39120,"lefigaro","http://www.lefigaro.fr/","France",NA,"French","Republic of France","Print Native"
"386761",1175065101,"2019-01-25 12:20:44","«Gilets jaunes»: la police parée pour l'acte XI","http://www.lefigaro.fr/actualite-france/2019/01/25/01016-20190125ARTFIG00246-gilets-jaunes-la-police-paree-pour-l-actexi.php","fr","False","",39120,"lefigaro","http://www.lefigaro.fr/","France",NA,"French","Republic of France","Print Native"
"33878",360041462,"2015-07-09 12:20:12","«À Calais, une cinquantaine d'enquêteurs sont chargés de démanteler les trafics de migrants»","http://www.lefigaro.fr/actualite-france/2015/07/09/01016-20150709ARTFIG00244--calais-une-cinquantaine-d-enqueteurs-sont-charges-de-demanteler-les-trafics-de-migrants.php","fr","False","",39120,"lefigaro","http://www.lefigaro.fr/","France",NA,"French","Republic of France","Print Native"
"339927",875185757,"2018-05-15 05:09:23","Orne : un garçon de 5 ans appelle les gendarmes et sauve son père inconscient","http://www.lefigaro.fr/actualite-france/2018/05/15/01016-20180515ARTFIG00109-orne-un-garcon-de-5-ans-appelle-les-gendarmes-et-sauve-son-pere-inconscient.php","fr","False","",39120,"lefigaro","http://www.lefigaro.fr/","France",NA,"French","Republic of France","Print Native"
"19905",347331960,"2015-05-25 02:32:24","Malaisie: découverte de 139 fosses de migrants","http://feeds.lefigaro.fr/c/32266/f/438191/s/469d0eba/sc/3/l/0L0Slefigaro0Bfr0Cflash0Eactu0C20A150C0A50C250C970A0A10E20A150A525FILWWW0A0A0A120Emalaisie0Edecouverte0Ede0E1390Efosses0Ede0Emigrants0Bphp/story01.htm","fr","False","",39120,"lefigaro","http://www.lefigaro.fr/","France",NA,"French","Republic of France","Print Native"
"141834",374820438,"2015-09-02 13:35:48","L'interrogatoire de Claude Guéant suspendu","http://feeds.lefigaro.fr/c/32266/f/438191/s/49843ba0/sc/3/l/0L0Slefigaro0Bfr0Cflash0Eactu0C20A150C0A90C0A20C970A0A10E20A150A90A2FILWWW0A0A3320El0Einterrogatoire0Ede0Eclaude0Egueant0Esuspendu0Bphp/story01.htm","fr","False","",39120,"lefigaro","http://www.lefigaro.fr/","France",NA,"French","Republic of France","Print Native"
"212458",122492367,"2013-05-30 16:23:00","Nigeria: droits homosexuels restreints","http://feeds.lefigaro.fr/c/32266/f/438191/s/2ca08a6e/l/0L0Slefigaro0Bfr0Cflash0Eactu0C20A130C0A50C30A0C970A0A10E20A130A530AFILWWW0A0A6460Enigeria0Edroits0Edes0Ehomosexuels0Erestreints0Bphp/story01.htm","fr","False","",39120,"lefigaro","http://www.lefigaro.fr/","France",NA,"French","Republic of France","Print Native"
